{
  "format": "panda_ik_window_summary",
  "format_version": 1,
  "ik_files": {
    "p1": "p1.json",
    "p2": "p2.json",
    "p3": "p3.json",
    "p4": "p4.json",
    "p5": "p5.json",
    "p6": "p6.json",
    "p7": "p7.json"
  },
  "ik_sampling_meta": {
    "p1": {
      "accepted_with_shortfall": false,
      "attempts_total": 209,
      "elapsed_total_s": 0.6123433113098145,
      "found": 200,
      "group": "panda_arm",
      "ik_successes_total": 209,
      "ik_timeout_s": 0.1,
      "named_start_for_seeding": "ready",
      "nullspace_jitter": 0.02,
      "nullspace_step": 0.2,
      "num_spaces": 10,
      "pass_metas": [
        {
          "attempts": 209,
          "elapsed_s": 0.6116204261779785,
          "found": 200,
          "group": "panda_arm",
          "ik_successes": 209,
          "ik_timeout_s": 0.1,
          "named_start_for_seeding": "ready",
          "nullspace_jitter": 0.02,
          "nullspace_step": 0.2,
          "num_spaces": 10,
          "pass_index": 0,
          "requested": 200,
          "rng": {
            "deterministic_joint_seeds": true,
            "engine": "numpy.default_rng",
            "note": "Avoid MoveIt internal RNG (RobotState.set_to_random_positions)."
          },
          "seed": 201007,
          "seed_pass": 201007,
          "target_point": {
            "x": 0.3554134447060151,
            "y": 0.05581085992399472,
            "z": 0.26031543944237984
          },
          "tip_link": "panda_link8",
          "uniq_resolution_rad": 0.001,
          "yaw_range_rad": 6.283185307179586
        }
      ],
      "pass_seed_stride": 100000,
      "passes_requested": 3,
      "passes_used": 1,
      "precheck_attempts": 53,
      "precheck_found": 50,
      "precheck_ik_successes": 53,
      "precheck_max_attempts": 1200,
      "precheck_num_spaces": 8,
      "reason": "ok",
      "requested": 200,
      "resample_max": 200,
      "resample_trial_final": 1,
      "resample_trials_used": 1,
      "seed": 201007,
      "shortfall": 0,
      "target_point": {
        "x": 0.3554134447060151,
        "y": 0.05581085992399472,
        "z": 0.26031543944237984
      },
      "tip_link": "panda_link8",
      "uniq_resolution_rad": 0.001,
      "yaw_range_rad": 6.283185307179586
    },
    "p2": {
      "accepted_with_shortfall": false,
      "attempts_total": 435,
      "elapsed_total_s": 4.265192031860352,
      "found": 200,
      "group": "panda_arm",
      "ik_successes_total": 435,
      "ik_timeout_s": 0.1,
      "named_start_for_seeding": "ready",
      "nullspace_jitter": 0.02,
      "nullspace_step": 0.2,
      "num_spaces": 10,
      "pass_metas": [
        {
          "attempts": 435,
          "elapsed_s": 4.264394760131836,
          "found": 200,
          "group": "panda_arm",
          "ik_successes": 435,
          "ik_timeout_s": 0.1,
          "named_start_for_seeding": "ready",
          "nullspace_jitter": 0.02,
          "nullspace_step": 0.2,
          "num_spaces": 10,
          "pass_index": 0,
          "requested": 200,
          "rng": {
            "deterministic_joint_seeds": true,
            "engine": "numpy.default_rng",
            "note": "Avoid MoveIt internal RNG (RobotState.set_to_random_positions)."
          },
          "seed": 401007,
          "seed_pass": 401007,
          "target_point": {
            "x": -0.0027810436086067314,
            "y": 0.0874943776131774,
            "z": 0.48167224154660176
          },
          "tip_link": "panda_link8",
          "uniq_resolution_rad": 0.001,
          "yaw_range_rad": 6.283185307179586
        }
      ],
      "pass_seed_stride": 100000,
      "passes_requested": 3,
      "passes_used": 1,
      "precheck_attempts": 59,
      "precheck_found": 50,
      "precheck_ik_successes": 59,
      "precheck_max_attempts": 1200,
      "precheck_num_spaces": 8,
      "reason": "ok",
      "requested": 200,
      "resample_max": 200,
      "resample_trial_final": 1,
      "resample_trials_used": 1,
      "seed": 401007,
      "shortfall": 0,
      "target_point": {
        "x": -0.0027810436086067314,
        "y": 0.0874943776131774,
        "z": 0.48167224154660176
      },
      "tip_link": "panda_link8",
      "uniq_resolution_rad": 0.001,
      "yaw_range_rad": 6.283185307179586
    },
    "p3": {
      "accepted_with_shortfall": false,
      "attempts_total": 213,
      "elapsed_total_s": 0.37595319747924805,
      "found": 200,
      "group": "panda_arm",
      "ik_successes_total": 213,
      "ik_timeout_s": 0.1,
      "named_start_for_seeding": "ready",
      "nullspace_jitter": 0.02,
      "nullspace_step": 0.2,
      "num_spaces": 10,
      "pass_metas": [
        {
          "attempts": 213,
          "elapsed_s": 0.3751950263977051,
          "found": 200,
          "group": "panda_arm",
          "ik_successes": 213,
          "ik_timeout_s": 0.1,
          "named_start_for_seeding": "ready",
          "nullspace_jitter": 0.02,
          "nullspace_step": 0.2,
          "num_spaces": 10,
          "pass_index": 0,
          "requested": 200,
          "rng": {
            "deterministic_joint_seeds": true,
            "engine": "numpy.default_rng",
            "note": "Avoid MoveIt internal RNG (RobotState.set_to_random_positions)."
          },
          "seed": 601007,
          "seed_pass": 601007,
          "target_point": {
            "x": 0.3037631975172011,
            "y": 0.3224296302486739,
            "z": 0.556976427567725
          },
          "tip_link": "panda_link8",
          "uniq_resolution_rad": 0.001,
          "yaw_range_rad": 6.283185307179586
        }
      ],
      "pass_seed_stride": 100000,
      "passes_requested": 3,
      "passes_used": 1,
      "precheck_attempts": 50,
      "precheck_found": 50,
      "precheck_ik_successes": 50,
      "precheck_max_attempts": 1200,
      "precheck_num_spaces": 8,
      "reason": "ok",
      "requested": 200,
      "resample_max": 200,
      "resample_trial_final": 1,
      "resample_trials_used": 1,
      "seed": 601007,
      "shortfall": 0,
      "target_point": {
        "x": 0.3037631975172011,
        "y": 0.3224296302486739,
        "z": 0.556976427567725
      },
      "tip_link": "panda_link8",
      "uniq_resolution_rad": 0.001,
      "yaw_range_rad": 6.283185307179586
    },
    "p4": {
      "accepted_with_shortfall": false,
      "attempts_total": 257,
      "elapsed_total_s": 1.7671046257019043,
      "found": 200,
      "group": "panda_arm",
      "ik_successes_total": 257,
      "ik_timeout_s": 0.1,
      "named_start_for_seeding": "ready",
      "nullspace_jitter": 0.02,
      "nullspace_step": 0.2,
      "num_spaces": 10,
      "pass_metas": [
        {
          "attempts": 257,
          "elapsed_s": 1.7663064002990723,
          "found": 200,
          "group": "panda_arm",
          "ik_successes": 257,
          "ik_timeout_s": 0.1,
          "named_start_for_seeding": "ready",
          "nullspace_jitter": 0.02,
          "nullspace_step": 0.2,
          "num_spaces": 10,
          "pass_index": 0,
          "requested": 200,
          "rng": {
            "deterministic_joint_seeds": true,
            "engine": "numpy.default_rng",
            "note": "Avoid MoveIt internal RNG (RobotState.set_to_random_positions)."
          },
          "seed": 801007,
          "seed_pass": 801007,
          "target_point": {
            "x": -0.07041121764049871,
            "y": 0.029698980200814823,
            "z": 0.5518471165070389
          },
          "tip_link": "panda_link8",
          "uniq_resolution_rad": 0.001,
          "yaw_range_rad": 6.283185307179586
        }
      ],
      "pass_seed_stride": 100000,
      "passes_requested": 3,
      "passes_used": 1,
      "precheck_attempts": 57,
      "precheck_found": 50,
      "precheck_ik_successes": 57,
      "precheck_max_attempts": 1200,
      "precheck_num_spaces": 8,
      "reason": "ok",
      "requested": 200,
      "resample_max": 200,
      "resample_trial_final": 1,
      "resample_trials_used": 1,
      "seed": 801007,
      "shortfall": 0,
      "target_point": {
        "x": -0.07041121764049871,
        "y": 0.029698980200814823,
        "z": 0.5518471165070389
      },
      "tip_link": "panda_link8",
      "uniq_resolution_rad": 0.001,
      "yaw_range_rad": 6.283185307179586
    },
    "p5": {
      "accepted_with_shortfall": false,
      "attempts_total": 205,
      "elapsed_total_s": 0.6385512351989746,
      "found": 200,
      "group": "panda_arm",
      "ik_successes_total": 205,
      "ik_timeout_s": 0.1,
      "named_start_for_seeding": "ready",
      "nullspace_jitter": 0.02,
      "nullspace_step": 0.2,
      "num_spaces": 10,
      "pass_metas": [
        {
          "attempts": 205,
          "elapsed_s": 0.6378235816955566,
          "found": 200,
          "group": "panda_arm",
          "ik_successes": 205,
          "ik_timeout_s": 0.1,
          "named_start_for_seeding": "ready",
          "nullspace_jitter": 0.02,
          "nullspace_step": 0.2,
          "num_spaces": 10,
          "pass_index": 0,
          "requested": 200,
          "rng": {
            "deterministic_joint_seeds": true,
            "engine": "numpy.default_rng",
            "note": "Avoid MoveIt internal RNG (RobotState.set_to_random_positions)."
          },
          "seed": 1001007,
          "seed_pass": 1001007,
          "target_point": {
            "x": 0.19693632179391302,
            "y": -0.20373788361553796,
            "z": 0.3256061063445823
          },
          "tip_link": "panda_link8",
          "uniq_resolution_rad": 0.001,
          "yaw_range_rad": 6.283185307179586
        }
      ],
      "pass_seed_stride": 100000,
      "passes_requested": 3,
      "passes_used": 1,
      "precheck_attempts": 52,
      "precheck_found": 50,
      "precheck_ik_successes": 52,
      "precheck_max_attempts": 1200,
      "precheck_num_spaces": 8,
      "reason": "ok",
      "requested": 200,
      "resample_max": 200,
      "resample_trial_final": 1,
      "resample_trials_used": 1,
      "seed": 1001007,
      "shortfall": 0,
      "target_point": {
        "x": 0.19693632179391302,
        "y": -0.20373788361553796,
        "z": 0.3256061063445823
      },
      "tip_link": "panda_link8",
      "uniq_resolution_rad": 0.001,
      "yaw_range_rad": 6.283185307179586
    },
    "p6": {
      "accepted_with_shortfall": false,
      "attempts_total": 222,
      "elapsed_total_s": 0.827747106552124,
      "found": 200,
      "group": "panda_arm",
      "ik_successes_total": 222,
      "ik_timeout_s": 0.1,
      "named_start_for_seeding": "ready",
      "nullspace_jitter": 0.02,
      "nullspace_step": 0.2,
      "num_spaces": 10,
      "pass_metas": [
        {
          "attempts": 222,
          "elapsed_s": 0.826956033706665,
          "found": 200,
          "group": "panda_arm",
          "ik_successes": 222,
          "ik_timeout_s": 0.1,
          "named_start_for_seeding": "ready",
          "nullspace_jitter": 0.02,
          "nullspace_step": 0.2,
          "num_spaces": 10,
          "pass_index": 0,
          "requested": 200,
          "rng": {
            "deterministic_joint_seeds": true,
            "engine": "numpy.default_rng",
            "note": "Avoid MoveIt internal RNG (RobotState.set_to_random_positions)."
          },
          "seed": 1201007,
          "seed_pass": 1201007,
          "target_point": {
            "x": -0.1771087656503924,
            "y": -0.10399615806105018,
            "z": 0.5781819511262916
          },
          "tip_link": "panda_link8",
          "uniq_resolution_rad": 0.001,
          "yaw_range_rad": 6.283185307179586
        }
      ],
      "pass_seed_stride": 100000,
      "passes_requested": 3,
      "passes_used": 1,
      "precheck_attempts": 51,
      "precheck_found": 50,
      "precheck_ik_successes": 51,
      "precheck_max_attempts": 1200,
      "precheck_num_spaces": 8,
      "reason": "ok",
      "requested": 200,
      "resample_max": 200,
      "resample_trial_final": 1,
      "resample_trials_used": 1,
      "seed": 1201007,
      "shortfall": 0,
      "target_point": {
        "x": -0.1771087656503924,
        "y": -0.10399615806105018,
        "z": 0.5781819511262916
      },
      "tip_link": "panda_link8",
      "uniq_resolution_rad": 0.001,
      "yaw_range_rad": 6.283185307179586
    },
    "p7": {
      "accepted_with_shortfall": false,
      "attempts_total": 221,
      "elapsed_total_s": 0.4091770648956299,
      "found": 200,
      "group": "panda_arm",
      "ik_successes_total": 221,
      "ik_timeout_s": 0.1,
      "named_start_for_seeding": "ready",
      "nullspace_jitter": 0.02,
      "nullspace_step": 0.2,
      "num_spaces": 10,
      "pass_metas": [
        {
          "attempts": 221,
          "elapsed_s": 0.40846776962280273,
          "found": 200,
          "group": "panda_arm",
          "ik_successes": 221,
          "ik_timeout_s": 0.1,
          "named_start_for_seeding": "ready",
          "nullspace_jitter": 0.02,
          "nullspace_step": 0.2,
          "num_spaces": 10,
          "pass_index": 0,
          "requested": 200,
          "rng": {
            "deterministic_joint_seeds": true,
            "engine": "numpy.default_rng",
            "note": "Avoid MoveIt internal RNG (RobotState.set_to_random_positions)."
          },
          "seed": 1401007,
          "seed_pass": 1401007,
          "target_point": {
            "x": 0.06657304207603493,
            "y": -0.4580094506603839,
            "z": 0.7834424014890315
          },
          "tip_link": "panda_link8",
          "uniq_resolution_rad": 0.001,
          "yaw_range_rad": 6.283185307179586
        }
      ],
      "pass_seed_stride": 100000,
      "passes_requested": 3,
      "passes_used": 1,
      "precheck_attempts": 50,
      "precheck_found": 50,
      "precheck_ik_successes": 50,
      "precheck_max_attempts": 1200,
      "precheck_num_spaces": 8,
      "reason": "ok",
      "requested": 200,
      "resample_max": 200,
      "resample_trial_final": 1,
      "resample_trials_used": 1,
      "seed": 1401007,
      "shortfall": 0,
      "target_point": {
        "x": 0.06657304207603493,
        "y": -0.4580094506603839,
        "z": 0.7834424014890315
      },
      "tip_link": "panda_link8",
      "uniq_resolution_rad": 0.001,
      "yaw_range_rad": 6.283185307179586
    }
  },
  "meta": {
    "group": "panda_arm",
    "note": "ws=1 is equivalent to greedy; ws=num_points is equivalent to global.",
    "num_points": 7,
    "num_solutions": 200,
    "seed": 7,
    "time_model": {
      "effective": "totg",
      "note": "",
      "requested": "totg",
      "totg_available": true,
      "totg_failures": 0
    },
    "timestamp": "20260129_011954",
    "tip_link": "panda_link8",
    "window_sizes": [
      1,
      2,
      3,
      4,
      5,
      6,
      7
    ]
  },
  "start": {
    "joint_positions": [
      0.0,
      -0.785,
      0.0,
      -2.356,
      0.0,
      1.571,
      0.785
    ],
    "label": "ready",
    "name": "p0"
  },
  "targets": [
    {
      "name": "p1",
      "x": 0.3554134447060151,
      "y": 0.05581085992399472,
      "z": 0.26031543944237984
    },
    {
      "name": "p2",
      "x": -0.0027810436086067314,
      "y": 0.0874943776131774,
      "z": 0.48167224154660176
    },
    {
      "name": "p3",
      "x": 0.3037631975172011,
      "y": 0.3224296302486739,
      "z": 0.556976427567725
    },
    {
      "name": "p4",
      "x": -0.07041121764049871,
      "y": 0.029698980200814823,
      "z": 0.5518471165070389
    },
    {
      "name": "p5",
      "x": 0.19693632179391302,
      "y": -0.20373788361553796,
      "z": 0.3256061063445823
    },
    {
      "name": "p6",
      "x": -0.1771087656503924,
      "y": -0.10399615806105018,
      "z": 0.5781819511262916
    },
    {
      "name": "p7",
      "x": 0.06657304207603493,
      "y": -0.4580094506603839,
      "z": 0.7834424014890315
    }
  ],
  "units": {
    "cartesian_position": "m",
    "joint_position": "rad",
    "time": "s"
  },
  "window": {
    "results_by_ws": {
      "1": {
        "cumulative_times_s": [
          1.0460250732673069,
          2.8050848070453176,
          4.016644282733838,
          5.189023068679051,
          6.914328829686328,
          8.050993614251908,
          9.461575189198328
        ],
        "final_path": {
          "segments": [
            {
              "attempt": 130,
              "from": "p0",
              "joint_positions": [
                -0.41546364904401933,
                -0.272108537232836,
                0.6392215266135877,
                -2.839520448119913,
                0.31474385576137015,
                2.597165728957997,
                1.432110074469126
              ],
              "solution_id": "p1_127",
              "solution_index_0based": 126,
              "solution_index_1based": 127,
              "time_s": 1.0460250732673069,
              "to": "p1"
            },
            {
              "attempt": 66,
              "from": "p1",
              "joint_positions": [
                1.5191530323669096,
                -1.7223716837972178,
                0.026497731096173344,
                -2.904332106806656,
                0.02830668852783104,
                1.1820485415904578,
                -0.07690711503444941
              ],
              "solution_id": "p2_28",
              "solution_index_0based": 27,
              "solution_index_1based": 28,
              "time_s": 1.7590597337780107,
              "to": "p2"
            },
            {
              "attempt": 45,
              "from": "p2",
              "joint_positions": [
                2.6247611563772955,
                -1.3657336930712622,
                -0.8909249955838571,
                -2.0221585742951005,
                -1.0353124455361766,
                1.0870962921751224,
                0.5768715672753995
              ],
              "solution_id": "p3_37",
              "solution_index_0based": 36,
              "solution_index_1based": 37,
              "time_s": 1.21155947568852,
              "to": "p3"
            },
            {
              "attempt": 232,
              "from": "p3",
              "joint_positions": [
                2.8973,
                -1.5847103011409573,
                -0.031879984561832095,
                -2.6840154976747015,
                -0.03577801818730756,
                1.0995574897468727,
                -0.5711073168725589
              ],
              "solution_id": "p4_177",
              "solution_index_0based": 176,
              "solution_index_1based": 177,
              "time_s": 1.1723787859452128,
              "to": "p4"
            },
            {
              "attempt": 203,
              "from": "p4",
              "joint_positions": [
                0.4062599698091321,
                -1.7627995067046294,
                -1.1986350571858544,
                -2.8816685879309376,
                -1.2578267915963715,
                1.2909990675548064,
                -2.221568101853857
              ],
              "solution_id": "p5_198",
              "solution_index_0based": 197,
              "solution_index_1based": 198,
              "time_s": 1.7253057610072775,
              "to": "p5"
            },
            {
              "attempt": 10,
              "from": "p5",
              "joint_positions": [
                -0.6474214034656319,
                -1.7525163551146625,
                -0.3911307870534155,
                -2.386252657623362,
                -0.6085983235165998,
                0.7152933239543715,
                -2.8973
              ],
              "solution_id": "p6_10",
              "solution_index_0based": 9,
              "solution_index_1based": 10,
              "time_s": 1.1366647845655793,
              "to": "p6"
            },
            {
              "attempt": 38,
              "from": "p6",
              "joint_positions": [
                0.6905499648474037,
                -0.8198255522670671,
                -0.9099590657582186,
                -1.109955066607823,
                -0.9512389857434091,
                0.787918830399831,
                -2.1460214265982085
              ],
              "solution_id": "p7_29",
              "solution_index_0based": 28,
              "solution_index_1based": 29,
              "time_s": 1.4105815749464203,
              "to": "p7"
            }
          ],
          "total_time_s": 9.461575189198328
        },
        "segment_times_s": [
          1.0460250732673069,
          1.7590597337780107,
          1.21155947568852,
          1.1723787859452128,
          1.7253057610072775,
          1.1366647845655793,
          1.4105815749464203
        ],
        "window_size": 1
      },
      "2": {
        "cumulative_times_s": [
          1.0488420508314573,
          2.830771826580886,
          3.9243917119373104,
          5.164675683687318,
          6.45443806175787,
          7.541030487059207,
          8.953951393350277
        ],
        "final_path": {
          "segments": [
            {
              "attempt": 103,
              "from": "p0",
              "joint_positions": [
                -0.457975064924804,
                -0.28050250369991453,
                0.6875435295005087,
                -2.837883215314082,
                0.34328845413391273,
                2.59242124242346,
                0.16605702161060865
              ],
              "solution_id": "p1_100",
              "solution_index_0based": 99,
              "solution_index_1based": 100,
              "time_s": 1.0488420508314573,
              "to": "p1"
            },
            {
              "attempt": 155,
              "from": "p1",
              "joint_positions": [
                1.8042933347618686,
                -1.7271963650789992,
                -0.06360440079392655,
                -2.9030144688610084,
                -0.06806121345622475,
                1.1763294523503154,
                1.7598463172836736
              ],
              "solution_id": "p2_70",
              "solution_index_0based": 69,
              "solution_index_1based": 70,
              "time_s": 1.7819297757494283,
              "to": "p2"
            },
            {
              "attempt": 100,
              "from": "p2",
              "joint_positions": [
                2.8354992108558696,
                -1.5884142999681061,
                -0.7692662907713578,
                -1.9940779878787256,
                -1.1893153883221863,
                0.8471091445280953,
                2.0313943132143666
              ],
              "solution_id": "p3_88",
              "solution_index_0based": 87,
              "solution_index_1based": 88,
              "time_s": 1.0936198853564245,
              "to": "p3"
            },
            {
              "attempt": 105,
              "from": "p3",
              "joint_positions": [
                1.426981549154752,
                -1.7224201968917716,
                0.19028954538931867,
                -2.643235719922941,
                0.23514735798654393,
                0.9314857904731884,
                2.012179376028547
              ],
              "solution_id": "p4_93",
              "solution_index_0based": 92,
              "solution_index_1based": 93,
              "time_s": 1.240283971750008,
              "to": "p4"
            },
            {
              "attempt": 92,
              "from": "p4",
              "joint_positions": [
                -0.0862195677929121,
                -0.9643585558709932,
                -0.8429271272065568,
                -2.963851746487529,
                -0.765162678973072,
                2.053655862722798,
                0.20346045887758346
              ],
              "solution_id": "p5_88",
              "solution_index_0based": 87,
              "solution_index_1based": 88,
              "time_s": 1.2897623780705516,
              "to": "p5"
            },
            {
              "attempt": 106,
              "from": "p5",
              "joint_positions": [
                -1.1871472691345304,
                -1.5178037582904518,
                -0.46237732482399163,
                -2.4546109564243657,
                -0.5511997132320998,
                1.0170692037171531,
                -1.1504053503556892
              ],
              "solution_id": "p6_96",
              "solution_index_0based": 95,
              "solution_index_1based": 96,
              "time_s": 1.0865924253013377,
              "to": "p6"
            },
            {
              "attempt": 58,
              "from": "p6",
              "joint_positions": [
                0.4423156530602283,
                -0.5854385495758012,
                -1.0940909743927376,
                -1.1532865012879716,
                -0.6402503726989989,
                0.9646222249172433,
                -1.8361543209779987
              ],
              "solution_id": "p7_48",
              "solution_index_0based": 47,
              "solution_index_1based": 48,
              "time_s": 1.4129209062910695,
              "to": "p7"
            }
          ],
          "total_time_s": 8.953951393350277
        },
        "segment_times_s": [
          1.0488420508314573,
          1.7819297757494283,
          1.0936198853564245,
          1.240283971750008,
          1.2897623780705516,
          1.0865924253013377,
          1.4129209062910695
        ],
        "window_size": 2
      },
      "3": {
        "cumulative_times_s": [
          1.0591985969954927,
          2.8326255688132473,
          3.911978479592397,
          5.152262451342405,
          6.569001465644336,
          7.613837208943158,
          8.911065367103053
        ],
        "final_path": {
          "segments": [
            {
              "attempt": 127,
              "from": "p0",
              "joint_positions": [
                0.6482333691008438,
                -0.25910859343752163,
                -0.5501094428434563,
                -2.842051548541051,
                -0.2648188073118197,
                2.6043555123858453,
                1.8398524472858464
              ],
              "solution_id": "p1_124",
              "solution_index_0based": 123,
              "solution_index_1based": 124,
              "time_s": 1.0591985969954927,
              "to": "p1"
            },
            {
              "attempt": 125,
              "from": "p1",
              "joint_positions": [
                1.8925584329278162,
                -1.733347604706803,
                -0.09056699221893176,
                -2.9013323620433473,
                -0.09712535195508877,
                1.1690306298929432,
                1.3477140798871707
              ],
              "solution_id": "p2_56",
              "solution_index_0based": 55,
              "solution_index_1based": 56,
              "time_s": 1.7734269718177549,
              "to": "p2"
            },
            {
              "attempt": 100,
              "from": "p2",
              "joint_positions": [
                2.8354992108558696,
                -1.5884142999681061,
                -0.7692662907713578,
                -1.9940779878787256,
                -1.1893153883221863,
                0.8471091445280953,
                2.0313943132143666
              ],
              "solution_id": "p3_88",
              "solution_index_0based": 87,
              "solution_index_1based": 88,
              "time_s": 1.0793529107791495,
              "to": "p3"
            },
            {
              "attempt": 105,
              "from": "p3",
              "joint_positions": [
                1.426981549154752,
                -1.7224201968917716,
                0.19028954538931867,
                -2.643235719922941,
                0.23514735798654393,
                0.9314857904731884,
                2.012179376028547
              ],
              "solution_id": "p4_93",
              "solution_index_0based": 92,
              "solution_index_1based": 93,
              "time_s": 1.240283971750008,
              "to": "p4"
            },
            {
              "attempt": 99,
              "from": "p4",
              "joint_positions": [
                0.15296773370890807,
                -1.2462134325303953,
                -1.0641788511120684,
                -2.925781484608912,
                -1.0125862028258816,
                1.7854773639382906,
                0.39941361212137155
              ],
              "solution_id": "p5_95",
              "solution_index_0based": 94,
              "solution_index_1based": 95,
              "time_s": 1.4167390143019305,
              "to": "p5"
            },
            {
              "attempt": 133,
              "from": "p5",
              "joint_positions": [
                -0.6326815520986864,
                -1.7579392435080103,
                -0.3873024264924472,
                -2.384194690655578,
                -0.6079955599832687,
                0.7071322697388265,
                0.21495332305596135
              ],
              "solution_id": "p6_119",
              "solution_index_0based": 118,
              "solution_index_1based": 119,
              "time_s": 1.0448357432988225,
              "to": "p6"
            },
            {
              "attempt": 129,
              "from": "p6",
              "joint_positions": [
                0.892097283604817,
                -0.9764268191516319,
                -0.7187761861762185,
                -1.0780982914449395,
                -1.221918402939667,
                0.6193559560606684,
                0.222400838385924
              ],
              "solution_id": "p7_116",
              "solution_index_0based": 115,
              "solution_index_1based": 116,
              "time_s": 1.2972281581598955,
              "to": "p7"
            }
          ],
          "total_time_s": 8.911065367103053
        },
        "segment_times_s": [
          1.0591985969954927,
          1.7734269718177549,
          1.0793529107791495,
          1.240283971750008,
          1.4167390143019305,
          1.0448357432988225,
          1.2972281581598955
        ],
        "window_size": 3
      },
      "4": {
        "cumulative_times_s": [
          1.0591985969954927,
          2.8326255688132473,
          3.911978479592397,
          5.121025185714358,
          6.5326316284240535,
          7.577467371722876,
          8.874695529882771
        ],
        "final_path": {
          "segments": [
            {
              "attempt": 127,
              "from": "p0",
              "joint_positions": [
                0.6482333691008438,
                -0.25910859343752163,
                -0.5501094428434563,
                -2.842051548541051,
                -0.2648188073118197,
                2.6043555123858453,
                1.8398524472858464
              ],
              "solution_id": "p1_124",
              "solution_index_0based": 123,
              "solution_index_1based": 124,
              "time_s": 1.0591985969954927,
              "to": "p1"
            },
            {
              "attempt": 125,
              "from": "p1",
              "joint_positions": [
                1.8925584329278162,
                -1.733347604706803,
                -0.09056699221893176,
                -2.9013323620433473,
                -0.09712535195508877,
                1.1690306298929432,
                1.3477140798871707
              ],
              "solution_id": "p2_56",
              "solution_index_0based": 55,
              "solution_index_1based": 56,
              "time_s": 1.7734269718177549,
              "to": "p2"
            },
            {
              "attempt": 100,
              "from": "p2",
              "joint_positions": [
                2.8354992108558696,
                -1.5884142999681061,
                -0.7692662907713578,
                -1.9940779878787256,
                -1.1893153883221863,
                0.8471091445280953,
                2.0313943132143666
              ],
              "solution_id": "p3_88",
              "solution_index_0based": 87,
              "solution_index_1based": 88,
              "time_s": 1.0793529107791495,
              "to": "p3"
            },
            {
              "attempt": 71,
              "from": "p3",
              "joint_positions": [
                1.9521934316184009,
                -1.6388978699339973,
                0.14435491994875568,
                -2.6686981247637056,
                0.1676655871489534,
                1.0353048544837458,
                2.0741016404189168
              ],
              "solution_id": "p4_66",
              "solution_index_0based": 65,
              "solution_index_1based": 66,
              "time_s": 1.209046706121961,
              "to": "p4"
            },
            {
              "attempt": 99,
              "from": "p4",
              "joint_positions": [
                0.15296773370890807,
                -1.2462134325303953,
                -1.0641788511120684,
                -2.925781484608912,
                -1.0125862028258816,
                1.7854773639382906,
                0.39941361212137155
              ],
              "solution_id": "p5_95",
              "solution_index_0based": 94,
              "solution_index_1based": 95,
              "time_s": 1.4116064427096955,
              "to": "p5"
            },
            {
              "attempt": 133,
              "from": "p5",
              "joint_positions": [
                -0.6326815520986864,
                -1.7579392435080103,
                -0.3873024264924472,
                -2.384194690655578,
                -0.6079955599832687,
                0.7071322697388265,
                0.21495332305596135
              ],
              "solution_id": "p6_119",
              "solution_index_0based": 118,
              "solution_index_1based": 119,
              "time_s": 1.0448357432988225,
              "to": "p6"
            },
            {
              "attempt": 129,
              "from": "p6",
              "joint_positions": [
                0.892097283604817,
                -0.9764268191516319,
                -0.7187761861762185,
                -1.0780982914449395,
                -1.221918402939667,
                0.6193559560606684,
                0.222400838385924
              ],
              "solution_id": "p7_116",
              "solution_index_0based": 115,
              "solution_index_1based": 116,
              "time_s": 1.2972281581598955,
              "to": "p7"
            }
          ],
          "total_time_s": 8.874695529882771
        },
        "segment_times_s": [
          1.0591985969954927,
          1.7734269718177549,
          1.0793529107791495,
          1.209046706121961,
          1.4116064427096955,
          1.0448357432988225,
          1.2972281581598955
        ],
        "window_size": 4
      },
      "5": {
        "cumulative_times_s": [
          1.0591985969954927,
          2.8326255688132473,
          3.911978479592397,
          5.121025185714358,
          6.5326316284240535,
          7.577467371722876,
          8.874695529882771
        ],
        "final_path": {
          "segments": [
            {
              "attempt": 127,
              "from": "p0",
              "joint_positions": [
                0.6482333691008438,
                -0.25910859343752163,
                -0.5501094428434563,
                -2.842051548541051,
                -0.2648188073118197,
                2.6043555123858453,
                1.8398524472858464
              ],
              "solution_id": "p1_124",
              "solution_index_0based": 123,
              "solution_index_1based": 124,
              "time_s": 1.0591985969954927,
              "to": "p1"
            },
            {
              "attempt": 125,
              "from": "p1",
              "joint_positions": [
                1.8925584329278162,
                -1.733347604706803,
                -0.09056699221893176,
                -2.9013323620433473,
                -0.09712535195508877,
                1.1690306298929432,
                1.3477140798871707
              ],
              "solution_id": "p2_56",
              "solution_index_0based": 55,
              "solution_index_1based": 56,
              "time_s": 1.7734269718177549,
              "to": "p2"
            },
            {
              "attempt": 100,
              "from": "p2",
              "joint_positions": [
                2.8354992108558696,
                -1.5884142999681061,
                -0.7692662907713578,
                -1.9940779878787256,
                -1.1893153883221863,
                0.8471091445280953,
                2.0313943132143666
              ],
              "solution_id": "p3_88",
              "solution_index_0based": 87,
              "solution_index_1based": 88,
              "time_s": 1.0793529107791495,
              "to": "p3"
            },
            {
              "attempt": 71,
              "from": "p3",
              "joint_positions": [
                1.9521934316184009,
                -1.6388978699339973,
                0.14435491994875568,
                -2.6686981247637056,
                0.1676655871489534,
                1.0353048544837458,
                2.0741016404189168
              ],
              "solution_id": "p4_66",
              "solution_index_0based": 65,
              "solution_index_1based": 66,
              "time_s": 1.209046706121961,
              "to": "p4"
            },
            {
              "attempt": 99,
              "from": "p4",
              "joint_positions": [
                0.15296773370890807,
                -1.2462134325303953,
                -1.0641788511120684,
                -2.925781484608912,
                -1.0125862028258816,
                1.7854773639382906,
                0.39941361212137155
              ],
              "solution_id": "p5_95",
              "solution_index_0based": 94,
              "solution_index_1based": 95,
              "time_s": 1.4116064427096955,
              "to": "p5"
            },
            {
              "attempt": 133,
              "from": "p5",
              "joint_positions": [
                -0.6326815520986864,
                -1.7579392435080103,
                -0.3873024264924472,
                -2.384194690655578,
                -0.6079955599832687,
                0.7071322697388265,
                0.21495332305596135
              ],
              "solution_id": "p6_119",
              "solution_index_0based": 118,
              "solution_index_1based": 119,
              "time_s": 1.0448357432988225,
              "to": "p6"
            },
            {
              "attempt": 129,
              "from": "p6",
              "joint_positions": [
                0.892097283604817,
                -0.9764268191516319,
                -0.7187761861762185,
                -1.0780982914449395,
                -1.221918402939667,
                0.6193559560606684,
                0.222400838385924
              ],
              "solution_id": "p7_116",
              "solution_index_0based": 115,
              "solution_index_1based": 116,
              "time_s": 1.2972281581598955,
              "to": "p7"
            }
          ],
          "total_time_s": 8.874695529882771
        },
        "segment_times_s": [
          1.0591985969954927,
          1.7734269718177549,
          1.0793529107791495,
          1.209046706121961,
          1.4116064427096955,
          1.0448357432988225,
          1.2972281581598955
        ],
        "window_size": 5
      },
      "6": {
        "cumulative_times_s": [
          1.0591985969954927,
          2.8326255688132473,
          3.911978479592397,
          5.121025185714358,
          6.5326316284240535,
          7.577467371722876,
          8.874695529882771
        ],
        "final_path": {
          "segments": [
            {
              "attempt": 127,
              "from": "p0",
              "joint_positions": [
                0.6482333691008438,
                -0.25910859343752163,
                -0.5501094428434563,
                -2.842051548541051,
                -0.2648188073118197,
                2.6043555123858453,
                1.8398524472858464
              ],
              "solution_id": "p1_124",
              "solution_index_0based": 123,
              "solution_index_1based": 124,
              "time_s": 1.0591985969954927,
              "to": "p1"
            },
            {
              "attempt": 125,
              "from": "p1",
              "joint_positions": [
                1.8925584329278162,
                -1.733347604706803,
                -0.09056699221893176,
                -2.9013323620433473,
                -0.09712535195508877,
                1.1690306298929432,
                1.3477140798871707
              ],
              "solution_id": "p2_56",
              "solution_index_0based": 55,
              "solution_index_1based": 56,
              "time_s": 1.7734269718177549,
              "to": "p2"
            },
            {
              "attempt": 100,
              "from": "p2",
              "joint_positions": [
                2.8354992108558696,
                -1.5884142999681061,
                -0.7692662907713578,
                -1.9940779878787256,
                -1.1893153883221863,
                0.8471091445280953,
                2.0313943132143666
              ],
              "solution_id": "p3_88",
              "solution_index_0based": 87,
              "solution_index_1based": 88,
              "time_s": 1.0793529107791495,
              "to": "p3"
            },
            {
              "attempt": 71,
              "from": "p3",
              "joint_positions": [
                1.9521934316184009,
                -1.6388978699339973,
                0.14435491994875568,
                -2.6686981247637056,
                0.1676655871489534,
                1.0353048544837458,
                2.0741016404189168
              ],
              "solution_id": "p4_66",
              "solution_index_0based": 65,
              "solution_index_1based": 66,
              "time_s": 1.209046706121961,
              "to": "p4"
            },
            {
              "attempt": 99,
              "from": "p4",
              "joint_positions": [
                0.15296773370890807,
                -1.2462134325303953,
                -1.0641788511120684,
                -2.925781484608912,
                -1.0125862028258816,
                1.7854773639382906,
                0.39941361212137155
              ],
              "solution_id": "p5_95",
              "solution_index_0based": 94,
              "solution_index_1based": 95,
              "time_s": 1.4116064427096955,
              "to": "p5"
            },
            {
              "attempt": 133,
              "from": "p5",
              "joint_positions": [
                -0.6326815520986864,
                -1.7579392435080103,
                -0.3873024264924472,
                -2.384194690655578,
                -0.6079955599832687,
                0.7071322697388265,
                0.21495332305596135
              ],
              "solution_id": "p6_119",
              "solution_index_0based": 118,
              "solution_index_1based": 119,
              "time_s": 1.0448357432988225,
              "to": "p6"
            },
            {
              "attempt": 129,
              "from": "p6",
              "joint_positions": [
                0.892097283604817,
                -0.9764268191516319,
                -0.7187761861762185,
                -1.0780982914449395,
                -1.221918402939667,
                0.6193559560606684,
                0.222400838385924
              ],
              "solution_id": "p7_116",
              "solution_index_0based": 115,
              "solution_index_1based": 116,
              "time_s": 1.2972281581598955,
              "to": "p7"
            }
          ],
          "total_time_s": 8.874695529882771
        },
        "segment_times_s": [
          1.0591985969954927,
          1.7734269718177549,
          1.0793529107791495,
          1.209046706121961,
          1.4116064427096955,
          1.0448357432988225,
          1.2972281581598955
        ],
        "window_size": 6
      },
      "7": {
        "cumulative_times_s": [
          1.0591985969954927,
          2.8326255688132473,
          3.911978479592397,
          5.121025185714358,
          6.5326316284240535,
          7.577467371722876,
          8.874695529882771
        ],
        "final_path": {
          "segments": [
            {
              "attempt": 127,
              "from": "p0",
              "joint_positions": [
                0.6482333691008438,
                -0.25910859343752163,
                -0.5501094428434563,
                -2.842051548541051,
                -0.2648188073118197,
                2.6043555123858453,
                1.8398524472858464
              ],
              "solution_id": "p1_124",
              "solution_index_0based": 123,
              "solution_index_1based": 124,
              "time_s": 1.0591985969954927,
              "to": "p1"
            },
            {
              "attempt": 125,
              "from": "p1",
              "joint_positions": [
                1.8925584329278162,
                -1.733347604706803,
                -0.09056699221893176,
                -2.9013323620433473,
                -0.09712535195508877,
                1.1690306298929432,
                1.3477140798871707
              ],
              "solution_id": "p2_56",
              "solution_index_0based": 55,
              "solution_index_1based": 56,
              "time_s": 1.7734269718177549,
              "to": "p2"
            },
            {
              "attempt": 100,
              "from": "p2",
              "joint_positions": [
                2.8354992108558696,
                -1.5884142999681061,
                -0.7692662907713578,
                -1.9940779878787256,
                -1.1893153883221863,
                0.8471091445280953,
                2.0313943132143666
              ],
              "solution_id": "p3_88",
              "solution_index_0based": 87,
              "solution_index_1based": 88,
              "time_s": 1.0793529107791495,
              "to": "p3"
            },
            {
              "attempt": 71,
              "from": "p3",
              "joint_positions": [
                1.9521934316184009,
                -1.6388978699339973,
                0.14435491994875568,
                -2.6686981247637056,
                0.1676655871489534,
                1.0353048544837458,
                2.0741016404189168
              ],
              "solution_id": "p4_66",
              "solution_index_0based": 65,
              "solution_index_1based": 66,
              "time_s": 1.209046706121961,
              "to": "p4"
            },
            {
              "attempt": 99,
              "from": "p4",
              "joint_positions": [
                0.15296773370890807,
                -1.2462134325303953,
                -1.0641788511120684,
                -2.925781484608912,
                -1.0125862028258816,
                1.7854773639382906,
                0.39941361212137155
              ],
              "solution_id": "p5_95",
              "solution_index_0based": 94,
              "solution_index_1based": 95,
              "time_s": 1.4116064427096955,
              "to": "p5"
            },
            {
              "attempt": 133,
              "from": "p5",
              "joint_positions": [
                -0.6326815520986864,
                -1.7579392435080103,
                -0.3873024264924472,
                -2.384194690655578,
                -0.6079955599832687,
                0.7071322697388265,
                0.21495332305596135
              ],
              "solution_id": "p6_119",
              "solution_index_0based": 118,
              "solution_index_1based": 119,
              "time_s": 1.0448357432988225,
              "to": "p6"
            },
            {
              "attempt": 129,
              "from": "p6",
              "joint_positions": [
                0.892097283604817,
                -0.9764268191516319,
                -0.7187761861762185,
                -1.0780982914449395,
                -1.221918402939667,
                0.6193559560606684,
                0.222400838385924
              ],
              "solution_id": "p7_116",
              "solution_index_0based": 115,
              "solution_index_1based": 116,
              "time_s": 1.2972281581598955,
              "to": "p7"
            }
          ],
          "total_time_s": 8.874695529882771
        },
        "segment_times_s": [
          1.0591985969954927,
          1.7734269718177549,
          1.0793529107791495,
          1.209046706121961,
          1.4116064427096955,
          1.0448357432988225,
          1.2972281581598955
        ],
        "window_size": 7
      }
    },
    "total_time_s_by_ws": {
      "1": 9.461575189198328,
      "2": 8.953951393350277,
      "3": 8.911065367103053,
      "4": 8.874695529882771,
      "5": 8.874695529882771,
      "6": 8.874695529882771,
      "7": 8.874695529882771
    },
    "ws_max": 7,
    "ws_min": 1
  }
}