{
  "meta": {
    "group": "panda_arm",
    "start_label": "ready",
    "timestamp": "20260129_011954",
    "tip_link": "panda_link8"
  },
  "p0": {
    "joint_positions": [
      0.0,
      -0.785,
      0.0,
      -2.356,
      0.0,
      1.571,
      0.785
    ]
  },
  "targets": [
    {
      "name": "p1",
      "x": 0.3554134447060151,
      "y": 0.05581085992399472,
      "z": 0.26031543944237984
    },
    {
      "name": "p2",
      "x": -0.0027810436086067314,
      "y": 0.0874943776131774,
      "z": 0.48167224154660176
    },
    {
      "name": "p3",
      "x": 0.3037631975172011,
      "y": 0.3224296302486739,
      "z": 0.556976427567725
    },
    {
      "name": "p4",
      "x": -0.07041121764049871,
      "y": 0.029698980200814823,
      "z": 0.5518471165070389
    },
    {
      "name": "p5",
      "x": 0.19693632179391302,
      "y": -0.20373788361553796,
      "z": 0.3256061063445823
    },
    {
      "name": "p6",
      "x": -0.1771087656503924,
      "y": -0.10399615806105018,
      "z": 0.5781819511262916
    },
    {
      "name": "p7",
      "x": 0.06657304207603493,
      "y": -0.4580094506603839,
      "z": 0.7834424014890315
    }
  ]
}